{
    "throughput_bytes_per_sec": 40.047244322307655,
    "goodput_bytes_per_sec": 40.047244322307655,
    "packet_loss_rate": 0.0,
    "max_packet_size": 40,
    "active_duration_sec": 102.27919721603394
}